id,first_name,last_name,age,gender
1,Donald,OConnell,40,Male
2,Douglas,Grant,34,Male
3,Jennifer,Whalen,63,Female
4,Michael,Hartstein,45,Female
5,Pat,Fay,37,Male
6,Susan,Mavris,34,Male
7,Hermann,Baer,36,Male
8,Shelley,Higgins,26,Female
9,William,Gietz,46,Female
10,Steven,King,46,Female
11,Neena,Kochhar,42,Female
12,Lex,De Haan,26,Male
13,Alexander,Hunold,32,Male
14,Bruce,Ernst,43,Female
15,David,Austin,30,Male
16,Valli,Pataballa,28,Male
17,Diana,Lorentz,30,Male
18,Nancy,Greenberg,36,Male
19,Daniel,Faviet,30,Male
20,John,Chen,52,Female
21,Ismael,Sciarra,29,Female
22,Jose Manuel,Urman,52,Male
23,Luis,Popp,27,Female
24,Den,Raphaely,59,Female
25,Alexander,Khoo,50,Female
26,Shelli,Baida,26,Male
27,Sigal,Tobias,38,Male
28,Guy,Himuro,29,Male
29,Karen,Colmenares,48,Male
30,Matthew,Weiss,31,Male
31,Adam,Fripp,28,Male
32,Payam,Kaufling,38,Male
33,Shanta,Vollman,31,Male
34,Kevin,Mourgos,43,Male
35,Julia,Nayer,31,Male
36,Irene,Mikkilineni,29,Female
37,James,Landry,38,Male
38,Steven,Markle,30,Male
39,Laura,Bissot,32,Male
40,Mozhe,Atkinson,59,Female
41,James,Marlow,31,Female
42,TJ,Olson,32,Male
43,Jason,Mallin,28,Male
44,Michael,Rogers,29,Male
45,Ki,Gee,54,Male
46,Hazel,Philtanker,52,Female
47,Renske,Ladwig,54,Female
48,Stephen,Stiles,45,Male
49,John,Seo,34,Male
50,Joshua,Patel,32,Male
51,Adam,Atkinson,30,Male
52,Alexander,Austin,29,Male
53,Alexander,Baer,38,Male
54,Bruce,Baida,61,Male
55,Daniel,Bissot,32,Male
56,David,Chen,30,Male
57,Den,Colmenares,29,Male
58,Diana,De Haan,28,Female
59,Donald,Ernst,31,Male
60,Douglas,Faviet,33,Male
61,Guy,Fay,28,Male
62,Hazel,Fripp,30,Male
63,Hermann,Gee,31,Male
64,Irene,Gietz,29,Male
65,Ismael,Grant,28,Male
66,James,Greenberg,30,Male
67,James,Hartstein,28,Male
68,Jason,Higgins,29,Male
69,Jennifer,Himuro,32,Male
70,John,Hunold,30,Male
71,John,Kaufling,44,Male
72,Jose Manuel,Khoo,28,Female
73,Joshua,King,24,Female
74,Julia,Kochhar,59,Female
75,Karen,Ladwig,27,Female
76,Kevin,Landry,25,Female
77,Ki,Lorentz,24,Female
78,Laura,Mallin,24,Female
79,Lex,Markle,30,Female
80,Luis,Marlow,31,Female
81,Matthew,Mavris,24,Female
82,Michael,Mikkilineni,45,Female
83,Michael,Mourgos,25,Female
84,Mozhe,Nayer,25,Female
85,Nancy,OConnell,30,Male
86,Neena,Olson,31,Male
87,Pat,Pataballa,33,Male
88,Payam,Patel,30,Male
89,Renske,Philtanker,31,Male
90,Shanta,Popp,54,Female
91,Shelley,Raphaely,25,Female
92,Shelli,Rogers,24,Female
93,Sigal,Sciarra,24,Female
94,Stephen,Seo,42,Female
95,Steven,Stiles,24,Female
96,Steven,Tobias,59,Male
97,Susan,Urman,39,Male
98,TJ,Vollman,36,Male
99,Valli,Weiss,24,Female
100,William,Whalen,29,Male
101,Adam,Whalen,32,Male
102,Alexander,Weiss,29,Male
103,Alexander,Vollman,33,Male
104,Bruce,Urman,30,Male
105,Daniel,Tobias,26,Male
106,David,Stiles,30,Male
107,Den,Seo,32,Female
108,Diana,Sciarra,62,Female
109,Donald,Rogers,29,Male
110,Douglas,Raphaely,40,Male
111,Guy,Popp,52,Male
112,Hazel,Philtanker,44,Male
113,Hermann,Patel,33,Male
114,Irene,Pataballa,31,Male
115,Ismael,Olson,31,Male
116,James,OConnell,30,Male
117,James,Nayer,60,Female
118,Jason,Mourgos,28,Female
119,Jennifer,Mikkilineni,29,Female
120,John,Mavris,28,Female
121,John,Marlow,56,Female
122,Jose Manuel,Markle,27,Female
123,Joshua,Mallin,43,Female
124,Julia,Lorentz,29,Female
125,Karen,Landry,36,Male
126,Kevin,Ladwig,41,Male
127,Ki,Kochhar,42,Male
128,Laura,King,46,Female
129,Lex,Khoo,33,Male
130,Luis,Kaufling,34,Male
131,Matthew,Hunold,30,Male
132,Michael,Himuro,39,Male
133,Michael,Higgins,33,Male
134,Mozhe,Hartstein,51,Female
135,Nancy,Greenberg,24,Female
136,Neena,Grant,53,Male
137,Pat,Gietz,55,Male
138,Payam,Gee,45,Male
139,Renske,Fripp,61,Female
140,Shanta,Fay,27,Female
141,Shelley,Faviet,26,Female
142,Shelli,Ernst,26,Female
143,Sigal,De Haan,53,Female
144,Stephen,Colmenares,61,Female
145,Steven,Chen,28,Male
146,Steven,Bissot,41,Male
147,Susan,Baida,56,Male
148,TJ,Baer,33,Female
149,Valli,Austin,30,Male
150,William,Atkinson,38,Male